sampleCount,distinctYearsUsed,effectiveYearCount,earliestSourceYear,latestSourceYear,fallbackLevel,averageSimilarity,minimumSimilarity,topYearWeightShare,latestYearWeightShare
39,1,1.0000,2025,2025,NATIONWIDE_TYPE_VENUE,0.8111,0.6817,1.0000,1.0000
50,1,1.0000,2025,2025,NATIONWIDE_TYPE_VENUE,0.7851,0.7500,1.0000,1.0000
50,1,1.0000,2025,2025,NATIONWIDE_TYPE_VENUE,0.8073,0.7295,1.0000,1.0000
50,1,1.0000,2025,2025,NATIONWIDE_TYPE_VENUE,0.8042,0.7250,1.0000,1.0000
50,1,1.0000,2025,2025,NATIONWIDE_TYPE_VENUE,0.8139,0.7750,1.0000,1.0000
50,1,1.0000,2025,2025,NATIONWIDE_TYPE_VENUE,0.7749,0.6920,1.0000,1.0000
41,1,1.0000,2025,2025,NATIONWIDE_TYPE_VENUE,0.7571,0.7159,1.0000,1.0000
50,1,1.0000,2025,2025,NATIONWIDE_TYPE_VENUE,0.8019,0.7191,1.0000,1.0000
50,1,1.0000,2025,2025,NATIONWIDE_TYPE_VENUE,0.8414,0.8250,1.0000,1.0000
41,1,1.0000,2025,2025,NATIONWIDE_TYPE_VENUE,0.8024,0.6908,1.0000,1.0000
50,1,1.0000,2025,2025,NATIONWIDE_TYPE_VENUE,0.8106,0.7375,1.0000,1.0000
50,1,1.0000,2025,2025,NATIONWIDE_TYPE_VENUE,0.8391,0.8250,1.0000,1.0000
50,1,1.0000,2025,2025,NATIONWIDE_TYPE_VENUE,0.8142,0.7432,1.0000,1.0000
50,1,1.0000,2025,2025,NATIONWIDE_TYPE_VENUE,0.7116,0.6783,1.0000,1.0000
50,1,1.0000,2025,2025,NATIONWIDE_TYPE_VENUE,0.8059,0.7286,1.0000,1.0000
50,1,1.0000,2025,2025,NATIONWIDE_TYPE_VENUE,0.8249,0.7500,1.0000,1.0000
50,1,1.0000,2025,2025,NATIONWIDE_TYPE_VENUE,0.8146,0.7875,1.0000,1.0000
50,1,1.0000,2025,2025,NATIONWIDE_TYPE_VENUE,0.7943,0.7350,1.0000,1.0000
50,1,1.0000,2025,2025,NATIONWIDE_TYPE_VENUE,0.8454,0.7875,1.0000,1.0000
29,1,1.0000,2025,2025,NATIONWIDE_TYPE_VENUE,0.8078,0.6964,1.0000,1.0000
50,1,1.0000,2025,2025,NATIONWIDE_TYPE_VENUE,0.8250,0.7750,1.0000,1.0000
50,1,1.0000,2025,2025,NATIONWIDE_TYPE_VENUE,0.8064,0.7875,1.0000,1.0000
41,1,1.0000,2025,2025,NATIONWIDE_TYPE_VENUE,0.8130,0.6868,1.0000,1.0000
50,1,1.0000,2025,2025,NATIONWIDE_TYPE_VENUE,0.8195,0.7500,1.0000,1.0000
50,1,1.0000,2025,2025,NATIONWIDE_TYPE_VENUE,0.8365,0.7875,1.0000,1.0000
50,1,1.0000,2025,2025,NATIONWIDE_TYPE_VENUE,0.8193,0.7500,1.0000,1.0000
50,1,1.0000,2025,2025,NATIONWIDE_TYPE_VENUE,0.7861,0.7500,1.0000,1.0000
50,1,1.0000,2025,2025,NATIONWIDE_TYPE_VENUE,0.7903,0.7250,1.0000,1.0000
31,1,1.0000,2025,2025,NATIONWIDE_TYPE_VENUE,0.7515,0.7023,1.0000,1.0000
50,1,1.0000,2025,2025,NATIONWIDE_TYPE_VENUE,0.8401,0.7875,1.0000,1.0000
50,6,2.9283,2017,2025,SAME_REGION_TYPE,0.9307,0.9231,0.5332,0.0208
50,1,1.0000,2025,2025,NATIONWIDE_TYPE_VENUE,0.8508,0.7875,1.0000,1.0000
50,1,1.0000,2025,2025,NATIONWIDE_TYPE_VENUE,0.8288,0.7500,1.0000,1.0000
22,1,1.0000,2025,2025,NATIONWIDE_TYPE_VENUE,0.7312,0.6847,1.0000,1.0000
50,1,1.0000,2025,2025,NATIONWIDE_TYPE_VENUE,0.8260,0.7688,1.0000,1.0000
50,1,1.0000,2025,2025,NATIONWIDE_TYPE_VENUE,0.8277,0.7875,1.0000,1.0000
50,1,1.0000,2025,2025,NATIONWIDE_TYPE_VENUE,0.8549,0.8250,1.0000,1.0000
50,1,1.0000,2025,2025,NATIONWIDE_TYPE_VENUE,0.8186,0.7875,1.0000,1.0000
50,1,1.0000,2025,2025,NATIONWIDE_TYPE_VENUE,0.8517,0.8250,1.0000,1.0000
29,1,1.0000,2025,2025,NATIONWIDE_TYPE_VENUE,0.8143,0.6964,1.0000,1.0000
50,9,7.4128,2017,2025,SAME_REGION_TYPE,0.9310,0.9231,0.1770,0.0208
50,1,1.0000,2025,2025,NATIONWIDE_TYPE_VENUE,0.8071,0.7500,1.0000,1.0000
50,9,7.5216,2017,2025,SAME_REGION_TYPE,0.8819,0.7875,0.1885,0.1885
50,1,1.0000,2025,2025,NATIONWIDE_TYPE_VENUE,0.8316,0.7950,1.0000,1.0000
50,1,1.0000,2025,2025,NATIONWIDE_TYPE_VENUE,0.8138,0.7875,1.0000,1.0000
23,1,1.0000,2025,2025,NATIONWIDE_TYPE_VENUE,0.7975,0.7432,1.0000,1.0000
50,1,1.0000,2025,2025,NATIONWIDE_TYPE_VENUE,0.7595,0.6811,1.0000,1.0000
50,1,1.0000,2025,2025,NATIONWIDE_TYPE_VENUE,0.8209,0.7875,1.0000,1.0000
50,1,1.0000,2025,2025,NATIONWIDE_TYPE_VENUE,0.8220,0.7875,1.0000,1.0000
50,1,1.0000,2025,2025,NATIONWIDE_TYPE_VENUE,0.7793,0.7200,1.0000,1.0000
39,1,1.0000,2025,2025,NATIONWIDE_TYPE_VENUE,0.7965,0.6817,1.0000,1.0000
50,1,1.0000,2025,2025,NATIONWIDE_TYPE_VENUE,0.8087,0.7650,1.0000,1.0000
50,1,1.0000,2025,2025,NATIONWIDE_TYPE_VENUE,0.8214,0.7750,1.0000,1.0000
50,1,1.0000,2025,2025,NATIONWIDE_TYPE_VENUE,0.8138,0.7500,1.0000,1.0000
50,1,1.0000,2025,2025,NATIONWIDE_TYPE_VENUE,0.7488,0.6880,1.0000,1.0000
50,1,1.0000,2025,2025,NATIONWIDE_TYPE_VENUE,0.8005,0.7432,1.0000,1.0000
31,1,1.0000,2025,2025,NATIONWIDE_TYPE_VENUE,0.8055,0.6852,1.0000,1.0000
50,1,1.0000,2025,2025,NATIONWIDE_TYPE_VENUE,0.7964,0.7650,1.0000,1.0000
31,1,1.0000,2025,2025,NATIONWIDE_TYPE_VENUE,0.8041,0.6826,1.0000,1.0000
50,1,1.0000,2025,2025,NATIONWIDE_TYPE_VENUE,0.8072,0.7875,1.0000,1.0000
23,1,1.0000,2025,2025,NATIONWIDE_TYPE_VENUE,0.8123,0.7295,1.0000,1.0000
50,1,1.0000,2025,2025,NATIONWIDE_TYPE_VENUE,0.8017,0.7750,1.0000,1.0000
50,1,1.0000,2025,2025,NATIONWIDE_TYPE_VENUE,0.8426,0.7941,1.0000,1.0000
50,1,1.0000,2025,2025,NATIONWIDE_TYPE_VENUE,0.7655,0.7066,1.0000,1.0000
50,1,1.0000,2025,2025,NATIONWIDE_TYPE_VENUE,0.7578,0.6944,1.0000,1.0000
38,1,1.0000,2025,2025,NATIONWIDE_TYPE_VENUE,0.8025,0.7083,1.0000,1.0000
50,1,1.0000,2025,2025,NATIONWIDE_TYPE_VENUE,0.7968,0.7750,1.0000,1.0000
22,1,1.0000,2025,2025,NATIONWIDE_TYPE_VENUE,0.7983,0.7350,1.0000,1.0000
50,1,1.0000,2025,2025,NATIONWIDE_TYPE_VENUE,0.8201,0.7750,1.0000,1.0000
50,1,1.0000,2025,2025,NATIONWIDE_TYPE_VENUE,0.8153,0.7750,1.0000,1.0000
39,1,1.0000,2025,2025,NATIONWIDE_TYPE_VENUE,0.8094,0.6817,1.0000,1.0000
50,9,8.3440,2017,2025,SAME_REGION_TYPE,0.9089,0.8750,0.1446,0.0626
50,9,8.3281,2017,2025,SAME_REGION_TYPE,0.9192,0.8438,0.1433,0.0600
50,1,1.0000,2025,2025,NATIONWIDE_TYPE_VENUE,0.7916,0.7568,1.0000,1.0000
50,1,1.0000,2025,2025,NATIONWIDE_TYPE_VENUE,0.8125,0.7875,1.0000,1.0000
50,1,1.0000,2025,2025,NATIONWIDE_TYPE_VENUE,0.8114,0.7875,1.0000,1.0000
50,1,1.0000,2025,2025,NATIONWIDE_TYPE_VENUE,0.8141,0.7875,1.0000,1.0000
29,1,1.0000,2025,2025,NATIONWIDE_TYPE_VENUE,0.8016,0.7036,1.0000,1.0000
50,1,1.0000,2025,2025,NATIONWIDE_TYPE_VENUE,0.7752,0.7250,1.0000,1.0000
21,1,1.0000,2025,2025,NATIONWIDE_TYPE_VENUE,0.8174,0.7393,1.0000,1.0000
50,1,1.0000,2025,2025,NATIONWIDE_TYPE_VENUE,0.7976,0.7500,1.0000,1.0000
50,1,1.0000,2025,2025,NATIONWIDE_TYPE_VENUE,0.8375,0.8250,1.0000,1.0000
50,1,1.0000,2025,2025,NATIONWIDE_TYPE_VENUE,0.8014,0.7650,1.0000,1.0000
50,1,1.0000,2025,2025,NATIONWIDE_TYPE_VENUE,0.7870,0.7432,1.0000,1.0000
50,1,1.0000,2025,2025,NATIONWIDE_TYPE_VENUE,0.8377,0.8250,1.0000,1.0000
50,1,1.0000,2025,2025,NATIONWIDE_TYPE_VENUE,0.8048,0.7875,1.0000,1.0000
50,1,1.0000,2025,2025,NATIONWIDE_TYPE_VENUE,0.8051,0.7650,1.0000,1.0000
50,1,1.0000,2025,2025,NATIONWIDE_TYPE_VENUE,0.8065,0.7750,1.0000,1.0000
50,1,1.0000,2025,2025,NATIONWIDE_TYPE_VENUE,0.8027,0.7500,1.0000,1.0000
50,1,1.0000,2025,2025,NATIONWIDE_TYPE_VENUE,0.8135,0.7650,1.0000,1.0000
50,1,1.0000,2025,2025,NATIONWIDE_TYPE_VENUE,0.7568,0.7050,1.0000,1.0000
50,1,1.0000,2025,2025,NATIONWIDE_TYPE_VENUE,0.8085,0.7875,1.0000,1.0000
37,1,1.0000,2025,2025,NATIONWIDE_TYPE_VENUE,0.7945,0.6895,1.0000,1.0000
37,1,1.0000,2025,2025,NATIONWIDE_TYPE_VENUE,0.7985,0.6944,1.0000,1.0000
41,1,1.0000,2025,2025,NATIONWIDE_TYPE_VENUE,0.8160,0.6868,1.0000,1.0000
29,1,1.0000,2025,2025,NATIONWIDE_TYPE_VENUE,0.8096,0.6964,1.0000,1.0000
50,8,5.2747,2017,2025,SAME_REGION_TYPE,0.9252,0.9231,0.2402,0.0207
50,1,1.0000,2025,2025,NATIONWIDE_TYPE_VENUE,0.8383,0.7941,1.0000,1.0000
41,1,1.0000,2025,2025,NATIONWIDE_TYPE_VENUE,0.7674,0.7105,1.0000,1.0000
50,1,1.0000,2025,2025,NATIONWIDE_TYPE_VENUE,0.8088,0.7500,1.0000,1.0000
21,1,1.0000,2025,2025,NATIONWIDE_TYPE_VENUE,0.7304,0.6808,1.0000,1.0000
50,1,1.0000,2025,2025,NATIONWIDE_TYPE_VENUE,0.8008,0.7750,1.0000,1.0000
50,1,1.0000,2025,2025,NATIONWIDE_TYPE_VENUE,0.7856,0.7500,1.0000,1.0000
50,1,1.0000,2025,2025,NATIONWIDE_TYPE_VENUE,0.7891,0.7410,1.0000,1.0000
39,1,1.0000,2025,2025,NATIONWIDE_TYPE_VENUE,0.7429,0.7041,1.0000,1.0000
50,1,1.0000,2025,2025,NATIONWIDE_TYPE_VENUE,0.8052,0.7650,1.0000,1.0000
50,1,1.0000,2025,2025,NATIONWIDE_TYPE_VENUE,0.7152,0.6831,1.0000,1.0000
50,1,1.0000,2025,2025,NATIONWIDE_TYPE_VENUE,0.8136,0.7875,1.0000,1.0000
37,1,1.0000,2025,2025,NATIONWIDE_TYPE_VENUE,0.7985,0.6944,1.0000,1.0000
21,1,1.0000,2025,2025,NATIONWIDE_TYPE_VENUE,0.7349,0.6917,1.0000,1.0000
20,3,1.5295,2021,2025,SAME_REGION_TYPE,0.7978,0.7063,0.7939,0.7939
39,1,1.0000,2025,2025,NATIONWIDE_TYPE_VENUE,0.7527,0.6929,1.0000,1.0000
50,1,1.0000,2025,2025,NATIONWIDE_TYPE_VENUE,0.7976,0.7500,1.0000,1.0000
50,1,1.0000,2025,2025,NATIONWIDE_TYPE_VENUE,0.8349,0.8250,1.0000,1.0000
50,1,1.0000,2025,2025,NATIONWIDE_TYPE_VENUE,0.8071,0.7750,1.0000,1.0000
50,1,1.0000,2025,2025,NATIONWIDE_TYPE_VENUE,0.7765,0.7200,1.0000,1.0000
20,3,1.4879,2021,2025,SAME_REGION_TYPE,0.8213,0.6908,0.8071,0.8071
38,1,1.0000,2025,2025,NATIONWIDE_TYPE_VENUE,0.7933,0.7083,1.0000,1.0000
39,1,1.0000,2025,2025,NATIONWIDE_TYPE_VENUE,0.7467,0.7019,1.0000,1.0000
50,1,1.0000,2025,2025,NATIONWIDE_TYPE_VENUE,0.8092,0.7875,1.0000,1.0000
29,1,1.0000,2025,2025,NATIONWIDE_TYPE_VENUE,0.8016,0.7036,1.0000,1.0000
39,1,1.0000,2025,2025,NATIONWIDE_TYPE_VENUE,0.7314,0.6917,1.0000,1.0000
50,1,1.0000,2025,2025,NATIONWIDE_TYPE_VENUE,0.8377,0.8250,1.0000,1.0000
29,1,1.0000,2025,2025,NATIONWIDE_TYPE_VENUE,0.7458,0.7050,1.0000,1.0000
50,1,1.0000,2025,2025,NATIONWIDE_TYPE_VENUE,0.8418,0.8250,1.0000,1.0000
39,1,1.0000,2025,2025,NATIONWIDE_TYPE_VENUE,0.7406,0.7050,1.0000,1.0000
22,1,1.0000,2025,2025,NATIONWIDE_TYPE_VENUE,0.7915,0.7295,1.0000,1.0000
50,1,1.0000,2025,2025,NATIONWIDE_TYPE_VENUE,0.7909,0.7650,1.0000,1.0000
41,1,1.0000,2025,2025,NATIONWIDE_TYPE_VENUE,0.7869,0.6908,1.0000,1.0000
50,1,1.0000,2025,2025,NATIONWIDE_TYPE_VENUE,0.8083,0.7650,1.0000,1.0000
50,1,1.0000,2025,2025,NATIONWIDE_TYPE_VENUE,0.7742,0.7161,1.0000,1.0000
50,1,1.0000,2025,2025,NATIONWIDE_TYPE_VENUE,0.7858,0.7219,1.0000,1.0000
50,1,1.0000,2025,2025,NATIONWIDE_TYPE_VENUE,0.7592,0.7250,1.0000,1.0000
50,1,1.0000,2025,2025,NATIONWIDE_TYPE_VENUE,0.8000,0.7500,1.0000,1.0000
29,1,1.0000,2025,2025,NATIONWIDE_TYPE_VENUE,0.7894,0.7107,1.0000,1.0000
50,1,1.0000,2025,2025,NATIONWIDE_TYPE_VENUE,0.8010,0.7568,1.0000,1.0000
50,1,1.0000,2025,2025,NATIONWIDE_TYPE_VENUE,0.8025,0.7500,1.0000,1.0000
50,1,1.0000,2025,2025,NATIONWIDE_TYPE_VENUE,0.8214,0.7650,1.0000,1.0000
50,1,1.0000,2025,2025,NATIONWIDE_TYPE_VENUE,0.8226,0.7875,1.0000,1.0000
50,1,1.0000,2025,2025,NATIONWIDE_TYPE_VENUE,0.8316,0.8250,1.0000,1.0000
50,9,6.8072,2017,2025,SAME_REGION_TYPE,0.9171,0.8906,0.2231,0.0408
50,1,1.0000,2025,2025,NATIONWIDE_TYPE_VENUE,0.7981,0.7750,1.0000,1.0000
50,1,1.0000,2025,2025,NATIONWIDE_TYPE_VENUE,0.8085,0.7875,1.0000,1.0000
31,1,1.0000,2025,2025,NATIONWIDE_TYPE_VENUE,0.7951,0.6852,1.0000,1.0000
50,1,1.0000,2025,2025,NATIONWIDE_TYPE_VENUE,0.8205,0.7875,1.0000,1.0000
25,6,3.5493,2018,2025,SAME_REGION_TYPE,0.8618,0.6871,0.4482,0.4482
32,6,2.8325,2018,2025,SAME_REGION_TYPE,0.8397,0.6868,0.5451,0.5451
39,1,1.0000,2025,2025,NATIONWIDE_TYPE_VENUE,0.7900,0.6840,1.0000,1.0000
50,1,1.0000,2025,2025,NATIONWIDE_TYPE_VENUE,0.8080,0.7650,1.0000,1.0000
48,8,5.0317,2017,2025,SAME_REGION_TYPE,0.8231,0.6667,0.3357,0.3357
29,1,1.0000,2025,2025,NATIONWIDE_TYPE_VENUE,0.8062,0.7036,1.0000,1.0000
50,6,2.9639,2017,2025,NATIONWIDE_TYPE,0.8078,0.7813,0.4977,0.1009
37,1,1.0000,2025,2025,NATIONWIDE_TYPE_VENUE,0.8035,0.6944,1.0000,1.0000
50,1,1.0000,2025,2025,NATIONWIDE_TYPE_VENUE,0.7967,0.7500,1.0000,1.0000
44,9,6.7561,2017,2025,SAME_REGION_TYPE,0.8914,0.7295,0.2798,0.2798
30,1,1.0000,2025,2025,NATIONWIDE_TYPE_VENUE,0.7973,0.6944,1.0000,1.0000
50,5,3.4397,2017,2025,NATIONWIDE_TYPE,0.8104,0.7813,0.3573,0.1909
50,1,1.0000,2025,2025,NATIONWIDE_TYPE_VENUE,0.8272,0.7941,1.0000,1.0000
37,1,1.0000,2025,2025,NATIONWIDE_TYPE_VENUE,0.8040,0.6944,1.0000,1.0000
50,1,1.0000,2025,2025,NATIONWIDE_TYPE_VENUE,0.8294,0.8250,1.0000,1.0000
21,2,1.3013,2024,2025,SAME_REGION_TYPE,0.7848,0.7250,0.8664,0.8664
22,1,1.0000,2025,2025,SAME_REGION_TYPE_VENUE,0.9117,0.8265,1.0000,1.0000
38,1,1.0000,2025,2025,NATIONWIDE_TYPE_VENUE,0.8445,0.7500,1.0000,1.0000
29,1,1.0000,2025,2025,SAME_REGION_TYPE_VENUE,0.9177,0.8563,1.0000,1.0000
38,1,1.0000,2025,2025,NATIONWIDE_TYPE_VENUE,0.8038,0.7083,1.0000,1.0000
22,1,1.0000,2025,2025,SAME_REGION_TYPE_VENUE,0.8580,0.8265,1.0000,1.0000
22,1,1.0000,2025,2025,SAME_REGION_TYPE_VENUE,0.8769,0.8409,1.0000,1.0000
21,1,1.0000,2025,2025,NATIONWIDE_TYPE_VENUE,0.8237,0.7393,1.0000,1.0000
50,7,6.0583,2017,2025,SAME_REGION_TYPE,0.9338,0.9231,0.2383,0.0621
38,1,1.0000,2025,2025,NATIONWIDE_TYPE_VENUE,0.8414,0.7500,1.0000,1.0000
41,1,1.0000,2025,2025,NATIONWIDE_TYPE_VENUE,0.7925,0.7250,1.0000,1.0000
50,1,1.0000,2025,2025,NATIONWIDE_TYPE_VENUE,0.8198,0.7688,1.0000,1.0000
41,1,1.0000,2025,2025,NATIONWIDE_TYPE_VENUE,0.7324,0.6846,1.0000,1.0000
22,1,1.0000,2025,2025,SAME_REGION_TYPE_VENUE,0.9075,0.8353,1.0000,1.0000
50,1,1.0000,2025,2025,NATIONWIDE_TYPE_VENUE,0.8005,0.7250,1.0000,1.0000
22,1,1.0000,2025,2025,SAME_REGION_TYPE_VENUE,0.8930,0.8529,1.0000,1.0000
50,1,1.0000,2025,2025,NATIONWIDE_TYPE_VENUE,0.8080,0.7607,1.0000,1.0000
29,1,1.0000,2025,2025,SAME_REGION_TYPE_VENUE,0.9025,0.8600,1.0000,1.0000
41,1,1.0000,2025,2025,NATIONWIDE_TYPE_VENUE,0.8193,0.7050,1.0000,1.0000
50,1,1.0000,2025,2025,NATIONWIDE_TYPE_VENUE,0.8207,0.7750,1.0000,1.0000
50,1,1.0000,2025,2025,NATIONWIDE_TYPE_VENUE,0.8056,0.7500,1.0000,1.0000
50,1,1.0000,2025,2025,NATIONWIDE_TYPE_VENUE,0.7939,0.7250,1.0000,1.0000
29,1,1.0000,2025,2025,SAME_REGION_TYPE_VENUE,0.9175,0.8750,1.0000,1.0000
50,1,1.0000,2025,2025,NATIONWIDE_TYPE_VENUE,0.8222,0.7875,1.0000,1.0000
50,1,1.0000,2025,2025,NATIONWIDE_TYPE_VENUE,0.8252,0.7875,1.0000,1.0000
50,1,1.0000,2025,2025,NATIONWIDE_TYPE_VENUE,0.8225,0.7875,1.0000,1.0000
39,1,1.0000,2025,2025,NATIONWIDE_TYPE_VENUE,0.7978,0.6862,1.0000,1.0000
29,1,1.0000,2025,2025,SAME_REGION_TYPE_VENUE,0.8749,0.8375,1.0000,1.0000
29,1,1.0000,2025,2025,SAME_REGION_TYPE_VENUE,0.8123,0.8032,1.0000,1.0000
39,1,1.0000,2025,2025,NATIONWIDE_TYPE_VENUE,0.8141,0.6840,1.0000,1.0000
29,1,1.0000,2025,2025,NATIONWIDE_TYPE_VENUE,0.8033,0.6964,1.0000,1.0000
39,1,1.0000,2025,2025,NATIONWIDE_TYPE_VENUE,0.8211,0.6817,1.0000,1.0000
50,1,1.0000,2025,2025,NATIONWIDE_TYPE_VENUE,0.8348,0.7950,1.0000,1.0000
50,6,5.5665,2017,2022,SAME_REGION_TYPE,0.9321,0.9231,0.2391,0.1766
50,1,1.0000,2025,2025,NATIONWIDE_TYPE_VENUE,0.8320,0.7875,1.0000,1.0000
29,1,1.0000,2025,2025,SAME_REGION_TYPE_VENUE,0.8609,0.8300,1.0000,1.0000
50,1,1.0000,2025,2025,NATIONWIDE_TYPE_VENUE,0.8196,0.7750,1.0000,1.0000
23,1,1.0000,2025,2025,NATIONWIDE_TYPE_VENUE,0.8125,0.7159,1.0000,1.0000
50,1,1.0000,2025,2025,NATIONWIDE_TYPE_VENUE,0.8120,0.7500,1.0000,1.0000
50,1,1.0000,2025,2025,NATIONWIDE_TYPE_VENUE,0.7549,0.7023,1.0000,1.0000
30,1,1.0000,2025,2025,NATIONWIDE_TYPE_VENUE,0.8356,0.6944,1.0000,1.0000
38,1,1.0000,2025,2025,NATIONWIDE_TYPE_VENUE,0.7968,0.7023,1.0000,1.0000
50,8,5.7700,2017,2025,SAME_REGION_TYPE,0.9295,0.9231,0.2959,0.0418
50,1,1.0000,2025,2025,NATIONWIDE_TYPE_VENUE,0.8165,0.7650,1.0000,1.0000
29,1,1.0000,2025,2025,SAME_REGION_TYPE_VENUE,0.8402,0.8188,1.0000,1.0000
29,1,1.0000,2025,2025,SAME_REGION_TYPE_VENUE,0.8257,0.8107,1.0000,1.0000
50,1,1.0000,2025,2025,NATIONWIDE_TYPE_VENUE,0.8073,0.7402,1.0000,1.0000
39,1,1.0000,2025,2025,NATIONWIDE_TYPE_VENUE,0.7649,0.7041,1.0000,1.0000
50,1,1.0000,2025,2025,NATIONWIDE_TYPE_VENUE,0.8177,0.7875,1.0000,1.0000
37,1,1.0000,2025,2025,NATIONWIDE_TYPE_VENUE,0.8085,0.6944,1.0000,1.0000
50,1,1.0000,2025,2025,NATIONWIDE_TYPE_VENUE,0.8109,0.7750,1.0000,1.0000
50,6,5.3952,2017,2022,SAME_REGION_TYPE,0.9287,0.9231,0.2600,0.1779
31,1,1.0000,2025,2025,NATIONWIDE_TYPE_VENUE,0.7888,0.6877,1.0000,1.0000
50,6,4.7778,2018,2025,SAME_REGION_TYPE,0.9235,0.9231,0.2598,0.0208
50,1,1.0000,2025,2025,NATIONWIDE_TYPE_VENUE,0.7653,0.6908,1.0000,1.0000
50,1,1.0000,2025,2025,NATIONWIDE_TYPE_VENUE,0.7639,0.6865,1.0000,1.0000
29,1,1.0000,2025,2025,NATIONWIDE_TYPE_VENUE,0.7063,0.6801,1.0000,1.0000
50,1,1.0000,2025,2025,NATIONWIDE_TYPE_VENUE,0.8164,0.7875,1.0000,1.0000
30,1,1.0000,2025,2025,NATIONWIDE_TYPE_VENUE,0.8464,0.6895,1.0000,1.0000
50,8,3.9895,2018,2025,SAME_REGION_TYPE,0.9236,0.9231,0.3596,0.0212
50,1,1.0000,2025,2025,NATIONWIDE_TYPE_VENUE,0.8137,0.7875,1.0000,1.0000
41,1,1.0000,2025,2025,NATIONWIDE_TYPE_VENUE,0.8084,0.7150,1.0000,1.0000
50,1,1.0000,2025,2025,NATIONWIDE_TYPE_VENUE,0.8148,0.7875,1.0000,1.0000
37,1,1.0000,2025,2025,NATIONWIDE_TYPE_VENUE,0.7447,0.7023,1.0000,1.0000
50,1,1.0000,2025,2025,NATIONWIDE_TYPE_VENUE,0.7768,0.7000,1.0000,1.0000
50,1,1.0000,2025,2025,NATIONWIDE_TYPE_VENUE,0.7757,0.6990,1.0000,1.0000
50,1,1.0000,2025,2025,NATIONWIDE_TYPE_VENUE,0.7475,0.6871,1.0000,1.0000
50,7,4.2048,2017,2025,SAME_REGION_TYPE,0.9260,0.9231,0.3776,0.0211
28,1,1.0000,2025,2025,NATIONWIDE_TYPE_VENUE,0.7664,0.7023,1.0000,1.0000
50,1,1.0000,2025,2025,NATIONWIDE_TYPE_VENUE,0.7939,0.7295,1.0000,1.0000
50,1,1.0000,2025,2025,NATIONWIDE_TYPE_VENUE,0.7976,0.7500,1.0000,1.0000
50,1,1.0000,2025,2025,NATIONWIDE_TYPE_VENUE,0.8259,0.7875,1.0000,1.0000
50,1,1.0000,2025,2025,NATIONWIDE_TYPE_VENUE,0.8054,0.7250,1.0000,1.0000
50,1,1.0000,2025,2025,NATIONWIDE_TYPE_VENUE,0.7706,0.7250,1.0000,1.0000
50,1,1.0000,2025,2025,NATIONWIDE_TYPE_VENUE,0.7618,0.7050,1.0000,1.0000
50,1,1.0000,2025,2025,NATIONWIDE_TYPE_VENUE,0.8109,0.7607,1.0000,1.0000
50,1,1.0000,2025,2025,NATIONWIDE_TYPE_VENUE,0.8223,0.7650,1.0000,1.0000
50,1,1.0000,2025,2025,NATIONWIDE_TYPE_VENUE,0.8155,0.7750,1.0000,1.0000
50,1,1.0000,2025,2025,NATIONWIDE_TYPE_VENUE,0.8117,0.7650,1.0000,1.0000
50,1,1.0000,2025,2025,NATIONWIDE_TYPE_VENUE,0.8101,0.7417,1.0000,1.0000
50,5,4.6868,2017,2021,SAME_REGION_TYPE,0.9290,0.9231,0.2599,0.2401
50,1,1.0000,2025,2025,NATIONWIDE_TYPE_VENUE,0.8108,0.7500,1.0000,1.0000
50,1,1.0000,2025,2025,NATIONWIDE_TYPE_VENUE,0.8349,0.7875,1.0000,1.0000
50,1,1.0000,2025,2025,NATIONWIDE_TYPE_VENUE,0.8110,0.7875,1.0000,1.0000
50,1,1.0000,2025,2025,NATIONWIDE_TYPE_VENUE,0.8516,0.7950,1.0000,1.0000
50,1,1.0000,2025,2025,NATIONWIDE_TYPE_VENUE,0.7870,0.7125,1.0000,1.0000
23,1,1.0000,2025,2025,NATIONWIDE_TYPE_VENUE,0.8349,0.7650,1.0000,1.0000
50,1,1.0000,2025,2025,NATIONWIDE_TYPE_VENUE,0.8370,0.7750,1.0000,1.0000
50,1,1.0000,2025,2025,NATIONWIDE_TYPE_VENUE,0.8107,0.7568,1.0000,1.0000
41,1,1.0000,2025,2025,NATIONWIDE_TYPE_VENUE,0.8048,0.6908,1.0000,1.0000
21,1,1.0000,2025,2025,NATIONWIDE_TYPE_VENUE,0.8145,0.7500,1.0000,1.0000
23,1,1.0000,2025,2025,NATIONWIDE_TYPE_VENUE,0.8293,0.7875,1.0000,1.0000
50,9,7.8661,2017,2025,SAME_REGION_TYPE,0.9133,0.8625,0.1842,0.1047
37,1,1.0000,2025,2025,NATIONWIDE_TYPE_VENUE,0.8252,0.6944,1.0000,1.0000
37,1,1.0000,2025,2025,NATIONWIDE_TYPE_VENUE,0.8216,0.6895,1.0000,1.0000
50,1,1.0000,2025,2025,NATIONWIDE_TYPE_VENUE,0.8222,0.7875,1.0000,1.0000
38,1,1.0000,2025,2025,NATIONWIDE_TYPE_VENUE,0.8026,0.7083,1.0000,1.0000
50,1,1.0000,2025,2025,NATIONWIDE_TYPE_VENUE,0.8212,0.7393,1.0000,1.0000
28,1,1.0000,2025,2025,NATIONWIDE_TYPE_VENUE,0.7981,0.7000,1.0000,1.0000
50,1,1.0000,2025,2025,NATIONWIDE_TYPE_VENUE,0.8292,0.7875,1.0000,1.0000
39,1,1.0000,2025,2025,NATIONWIDE_TYPE_VENUE,0.8044,0.6840,1.0000,1.0000
31,1,1.0000,2025,2025,NATIONWIDE_TYPE_VENUE,0.7804,0.6979,1.0000,1.0000
50,1,1.0000,2025,2025,NATIONWIDE_TYPE_VENUE,0.7594,0.6880,1.0000,1.0000
50,1,1.0000,2025,2025,NATIONWIDE_TYPE_VENUE,0.7780,0.6880,1.0000,1.0000
31,1,1.0000,2025,2025,NATIONWIDE_TYPE_VENUE,0.8194,0.6852,1.0000,1.0000
23,1,1.0000,2025,2025,NATIONWIDE_TYPE_VENUE,0.8154,0.7650,1.0000,1.0000
50,9,8.0432,2017,2025,SAME_REGION_TYPE,0.9066,0.8438,0.1871,0.1041
50,9,7.9106,2017,2025,SAME_REGION_TYPE,0.8981,0.8250,0.1913,0.0992
41,1,1.0000,2025,2025,NATIONWIDE_TYPE_VENUE,0.8136,0.6868,1.0000,1.0000
50,1,1.0000,2025,2025,NATIONWIDE_TYPE_VENUE,0.8605,0.8250,1.0000,1.0000
50,1,1.0000,2025,2025,NATIONWIDE_TYPE_VENUE,0.8544,0.8250,1.0000,1.0000
50,9,7.5937,2017,2025,SAME_REGION_TYPE,0.9110,0.8250,0.1852,0.1307
50,1,1.0000,2025,2025,NATIONWIDE_TYPE_VENUE,0.8190,0.7200,1.0000,1.0000
50,9,7.6769,2017,2025,SAME_REGION_TYPE,0.9071,0.8203,0.1872,0.1051
50,1,1.0000,2025,2025,NATIONWIDE_TYPE_VENUE,0.8156,0.7350,1.0000,1.0000
50,6,3.9739,2018,2023,SAME_REGION_TYPE,0.9237,0.9231,0.3595,0.2796
50,1,1.0000,2025,2025,NATIONWIDE_TYPE_VENUE,0.8388,0.7875,1.0000,1.0000
50,1,1.0000,2025,2025,NATIONWIDE_TYPE_VENUE,0.8268,0.7750,1.0000,1.0000
50,1,1.0000,2025,2025,NATIONWIDE_TYPE_VENUE,0.8161,0.7500,1.0000,1.0000
22,1,1.0000,2025,2025,NATIONWIDE_TYPE_VENUE,0.8091,0.7295,1.0000,1.0000
28,1,1.0000,2025,2025,NATIONWIDE_TYPE_VENUE,0.7716,0.6917,1.0000,1.0000
50,1,1.0000,2025,2025,NATIONWIDE_TYPE_VENUE,0.8081,0.7500,1.0000,1.0000
50,1,1.0000,2025,2025,NATIONWIDE_TYPE_VENUE,0.8069,0.7750,1.0000,1.0000
50,5,4.0160,2018,2022,SAME_REGION_TYPE,0.9272,0.9231,0.3209,0.2379
31,1,1.0000,2025,2025,NATIONWIDE_TYPE_VENUE,0.7612,0.6917,1.0000,1.0000
30,1,1.0000,2025,2025,NATIONWIDE_TYPE_VENUE,0.7628,0.7040,1.0000,1.0000
30,1,1.0000,2025,2025,NATIONWIDE_TYPE_VENUE,0.7904,0.6944,1.0000,1.0000
50,9,7.6975,2017,2025,SAME_REGION_TYPE,0.9139,0.8182,0.1843,0.0364
22,1,1.0000,2025,2025,NATIONWIDE_TYPE_VENUE,0.8058,0.7159,1.0000,1.0000
31,1,1.0000,2025,2025,NATIONWIDE_TYPE_VENUE,0.8151,0.6826,1.0000,1.0000
50,1,1.0000,2025,2025,NATIONWIDE_TYPE_VENUE,0.7403,0.6800,1.0000,1.0000
50,6,4.3789,2018,2023,SAME_REGION_TYPE,0.9242,0.9231,0.3591,0.1995
39,1,1.0000,2025,2025,NATIONWIDE_TYPE_VENUE,0.7584,0.6996,1.0000,1.0000
50,8,5.6110,2017,2024,SAME_REGION_TYPE,0.9272,0.9231,0.2379,0.2379
50,1,1.0000,2025,2025,NATIONWIDE_TYPE_VENUE,0.8178,0.7159,1.0000,1.0000
50,1,1.0000,2025,2025,NATIONWIDE_TYPE_VENUE,0.7535,0.6932,1.0000,1.0000
50,1,1.0000,2025,2025,NATIONWIDE_TYPE_VENUE,0.8321,0.7875,1.0000,1.0000
50,1,1.0000,2025,2025,NATIONWIDE_TYPE_VENUE,0.8102,0.7500,1.0000,1.0000
50,1,1.0000,2025,2025,NATIONWIDE_TYPE_VENUE,0.8317,0.7875,1.0000,1.0000
29,1,1.0000,2025,2025,NATIONWIDE_TYPE_VENUE,0.8059,0.7200,1.0000,1.0000
38,1,1.0000,2025,2025,NATIONWIDE_TYPE_VENUE,0.7934,0.7167,1.0000,1.0000
50,1,1.0000,2025,2025,NATIONWIDE_TYPE_VENUE,0.7811,0.6990,1.0000,1.0000
50,1,1.0000,2025,2025,NATIONWIDE_TYPE_VENUE,0.7828,0.7000,1.0000,1.0000
50,1,1.0000,2025,2025,NATIONWIDE_TYPE_VENUE,0.8197,0.7650,1.0000,1.0000
50,1,1.0000,2025,2025,NATIONWIDE_TYPE_VENUE,0.7889,0.7000,1.0000,1.0000
50,1,1.0000,2025,2025,NATIONWIDE_TYPE_VENUE,0.8404,0.7950,1.0000,1.0000
21,1,1.0000,2025,2025,NATIONWIDE_TYPE_VENUE,0.8237,0.7393,1.0000,1.0000
50,7,4.5863,2017,2023,SAME_REGION_TYPE,0.9257,0.9231,0.3580,0.1392
50,7,4.1491,2018,2025,SAME_REGION_TYPE,0.9239,0.9231,0.3593,0.0205
50,1,1.0000,2025,2025,NATIONWIDE_TYPE_VENUE,0.8241,0.7875,1.0000,1.0000
50,7,6.4023,2017,2023,SAME_REGION_TYPE,0.9284,0.9231,0.2175,0.1780
23,1,1.0000,2025,2025,NATIONWIDE_TYPE_VENUE,0.8125,0.7159,1.0000,1.0000
41,1,1.0000,2025,2025,NATIONWIDE_TYPE_VENUE,0.7869,0.6908,1.0000,1.0000
50,1,1.0000,2025,2025,NATIONWIDE_TYPE_VENUE,0.8416,0.7875,1.0000,1.0000
21,1,1.0000,2025,2025,NATIONWIDE_TYPE_VENUE,0.7987,0.7500,1.0000,1.0000
30,8,3.2314,2017,2025,SAME_REGION_TYPE,0.8600,0.6908,0.5244,0.5244
50,1,1.0000,2025,2025,NATIONWIDE_TYPE_VENUE,0.8095,0.7650,1.0000,1.0000
50,1,1.0000,2025,2025,NATIONWIDE_TYPE_VENUE,0.7998,0.7650,1.0000,1.0000
50,1,1.0000,2025,2025,NATIONWIDE_TYPE_VENUE,0.8109,0.7295,1.0000,1.0000
50,8,7.4316,2017,2024,SAME_REGION_TYPE,0.9229,0.8906,0.1766,0.1602
22,1,1.0000,2025,2025,NATIONWIDE_TYPE_VENUE,0.7915,0.7295,1.0000,1.0000
50,1,1.0000,2025,2025,NATIONWIDE_TYPE_VENUE,0.7493,0.6955,1.0000,1.0000
50,1,1.0000,2025,2025,NATIONWIDE_TYPE_VENUE,0.8029,0.7750,1.0000,1.0000
50,1,1.0000,2025,2025,NATIONWIDE_TYPE_VENUE,0.8169,0.7875,1.0000,1.0000
50,1,1.0000,2025,2025,NATIONWIDE_TYPE_VENUE,0.8355,0.8250,1.0000,1.0000
50,1,1.0000,2025,2025,NATIONWIDE_TYPE_VENUE,0.8160,0.7875,1.0000,1.0000
50,1,1.0000,2025,2025,NATIONWIDE_TYPE_VENUE,0.8103,0.7750,1.0000,1.0000
31,1,1.0000,2025,2025,NATIONWIDE_TYPE_VENUE,0.7959,0.7015,1.0000,1.0000
50,1,1.0000,2025,2025,NATIONWIDE_TYPE_VENUE,0.8162,0.7500,1.0000,1.0000
50,1,1.0000,2025,2025,NATIONWIDE_TYPE_VENUE,0.8252,0.7875,1.0000,1.0000
50,1,1.0000,2025,2025,NATIONWIDE_TYPE_VENUE,0.8368,0.8250,1.0000,1.0000
50,1,1.0000,2025,2025,NATIONWIDE_TYPE_VENUE,0.8188,0.7875,1.0000,1.0000
50,1,1.0000,2025,2025,NATIONWIDE_TYPE_VENUE,0.8556,0.7950,1.0000,1.0000
28,1,1.0000,2025,2025,NATIONWIDE_TYPE_VENUE,0.7724,0.6990,1.0000,1.0000
50,1,1.0000,2025,2025,NATIONWIDE_TYPE_VENUE,0.8152,0.7875,1.0000,1.0000
37,1,1.0000,2025,2025,NATIONWIDE_TYPE_VENUE,0.8120,0.7159,1.0000,1.0000
50,9,5.5996,2017,2025,SAME_REGION_TYPE,0.8323,0.7159,0.3341,0.3341
50,1,1.0000,2025,2025,NATIONWIDE_TYPE_VENUE,0.8445,0.7950,1.0000,1.0000
30,1,1.0000,2025,2025,NATIONWIDE_TYPE_VENUE,0.8061,0.6895,1.0000,1.0000
50,1,1.0000,2025,2025,NATIONWIDE_TYPE_VENUE,0.8174,0.7875,1.0000,1.0000
37,1,1.0000,2025,2025,NATIONWIDE_TYPE_VENUE,0.8137,0.7295,1.0000,1.0000
38,1,1.0000,2025,2025,NATIONWIDE_TYPE_VENUE,0.7936,0.7000,1.0000,1.0000
29,1,1.0000,2025,2025,NATIONWIDE_TYPE_VENUE,0.8016,0.7036,1.0000,1.0000
29,1,1.0000,2025,2025,NATIONWIDE_TYPE_VENUE,0.8024,0.6964,1.0000,1.0000
50,8,7.6049,2017,2024,SAME_REGION_TYPE,0.9166,0.8906,0.1625,0.1625
50,1,1.0000,2025,2025,NATIONWIDE_TYPE_VENUE,0.8251,0.7500,1.0000,1.0000
50,1,1.0000,2025,2025,NATIONWIDE_TYPE_VENUE,0.7907,0.7500,1.0000,1.0000
37,1,1.0000,2025,2025,NATIONWIDE_TYPE_VENUE,0.8077,0.6895,1.0000,1.0000
50,1,1.0000,2025,2025,NATIONWIDE_TYPE_VENUE,0.7970,0.7500,1.0000,1.0000
23,1,1.0000,2025,2025,NATIONWIDE_TYPE_VENUE,0.8410,0.7159,1.0000,1.0000
50,1,1.0000,2025,2025,NATIONWIDE_TYPE_VENUE,0.7984,0.7650,1.0000,1.0000
50,1,1.0000,2025,2025,NATIONWIDE_TYPE_VENUE,0.8495,0.7875,1.0000,1.0000
39,1,1.0000,2025,2025,NATIONWIDE_TYPE_VENUE,0.7916,0.6817,1.0000,1.0000
23,1,1.0000,2025,2025,NATIONWIDE_TYPE_VENUE,0.8023,0.7500,1.0000,1.0000
28,1,1.0000,2025,2025,NATIONWIDE_TYPE_VENUE,0.7701,0.7023,1.0000,1.0000
22,1,1.0000,2025,2025,NATIONWIDE_TYPE_VENUE,0.8055,0.7295,1.0000,1.0000
28,1,1.0000,2025,2025,NATIONWIDE_TYPE_VENUE,0.7842,0.6990,1.0000,1.0000
50,1,1.0000,2025,2025,NATIONWIDE_TYPE_VENUE,0.7977,0.7650,1.0000,1.0000
50,7,6.0141,2017,2023,SAME_REGION_TYPE,0.9240,0.9231,0.2595,0.1597
41,1,1.0000,2025,2025,NATIONWIDE_TYPE_VENUE,0.7910,0.6908,1.0000,1.0000
50,5,3.3562,2018,2025,SAME_REGION_TYPE,0.9235,0.9231,0.3997,0.0208
22,1,1.0000,2025,2025,NATIONWIDE_TYPE_VENUE,0.7666,0.7050,1.0000,1.0000
50,1,1.0000,2025,2025,NATIONWIDE_TYPE_VENUE,0.7960,0.6990,1.0000,1.0000
50,1,1.0000,2025,2025,NATIONWIDE_TYPE_VENUE,0.8401,0.8250,1.0000,1.0000
50,1,1.0000,2025,2025,NATIONWIDE_TYPE_VENUE,0.7635,0.7083,1.0000,1.0000
48,8,5.7235,2017,2025,SAME_REGION_TYPE,0.8421,0.6800,0.2588,0.2512
50,1,1.0000,2025,2025,NATIONWIDE_TYPE_VENUE,0.8093,0.7750,1.0000,1.0000
50,1,1.0000,2025,2025,NATIONWIDE_TYPE_VENUE,0.8251,0.7750,1.0000,1.0000
50,1,1.0000,2025,2025,NATIONWIDE_TYPE_VENUE,0.8083,0.7650,1.0000,1.0000
48,8,5.8156,2017,2025,SAME_REGION_TYPE,0.8863,0.6823,0.2676,0.2676
50,1,1.0000,2025,2025,NATIONWIDE_TYPE_VENUE,0.8165,0.7875,1.0000,1.0000
50,1,1.0000,2025,2025,NATIONWIDE_TYPE_VENUE,0.8170,0.7750,1.0000,1.0000
50,6,5.6075,2017,2022,SAME_REGION_TYPE,0.9272,0.9231,0.2007,0.1983
38,1,1.0000,2025,2025,NATIONWIDE_TYPE_VENUE,0.8233,0.7083,1.0000,1.0000
50,6,5.9235,2017,2022,SAME_REGION_TYPE,0.9275,0.9231,0.1821,0.1783
50,1,1.0000,2025,2025,NATIONWIDE_TYPE_VENUE,0.8219,0.7875,1.0000,1.0000
50,1,1.0000,2025,2025,NATIONWIDE_TYPE_VENUE,0.7918,0.7500,1.0000,1.0000
50,1,1.0000,2025,2025,NATIONWIDE_TYPE_VENUE,0.8171,0.7875,1.0000,1.0000
37,1,1.0000,2025,2025,NATIONWIDE_TYPE_VENUE,0.8120,0.6944,1.0000,1.0000
50,1,1.0000,2025,2025,NATIONWIDE_TYPE_VENUE,0.8175,0.7950,1.0000,1.0000
30,1,1.0000,2025,2025,NATIONWIDE_TYPE_VENUE,0.7959,0.6944,1.0000,1.0000
50,1,1.0000,2025,2025,NATIONWIDE_TYPE_VENUE,0.8381,0.7941,1.0000,1.0000
50,1,1.0000,2025,2025,NATIONWIDE_TYPE_VENUE,0.8281,0.7950,1.0000,1.0000
48,8,5.8528,2017,2025,SAME_REGION_TYPE,0.8775,0.6847,0.2615,0.2615
38,1,1.0000,2025,2025,NATIONWIDE_TYPE_VENUE,0.8188,0.7000,1.0000,1.0000
50,6,5.0161,2017,2025,SAME_REGION_TYPE,0.9335,0.9231,0.2946,0.1032
31,1,1.0000,2025,2025,NATIONWIDE_TYPE_VENUE,0.7978,0.6826,1.0000,1.0000
50,1,1.0000,2025,2025,NATIONWIDE_TYPE_VENUE,0.7765,0.7145,1.0000,1.0000
38,1,1.0000,2025,2025,NATIONWIDE_TYPE_VENUE,0.8138,0.7167,1.0000,1.0000
50,1,1.0000,2025,2025,NATIONWIDE_TYPE_VENUE,0.7873,0.7295,1.0000,1.0000
50,1,1.0000,2025,2025,NATIONWIDE_TYPE_VENUE,0.8497,0.7941,1.0000,1.0000
50,1,1.0000,2025,2025,NATIONWIDE_TYPE_VENUE,0.7980,0.7295,1.0000,1.0000
50,1,1.0000,2025,2025,NATIONWIDE_TYPE_VENUE,0.8066,0.7103,1.0000,1.0000
50,1,1.0000,2025,2025,NATIONWIDE_TYPE_VENUE,0.8117,0.7295,1.0000,1.0000
50,1,1.0000,2025,2025,NATIONWIDE_TYPE_VENUE,0.8152,0.7650,1.0000,1.0000
41,1,1.0000,2025,2025,NATIONWIDE_TYPE_VENUE,0.8023,0.6868,1.0000,1.0000
30,1,1.0000,2025,2025,NATIONWIDE_TYPE_VENUE,0.8061,0.6895,1.0000,1.0000
29,1,1.0000,2025,2025,NATIONWIDE_TYPE_VENUE,0.8084,0.6964,1.0000,1.0000
50,4,3.2825,2018,2021,SAME_REGION_TYPE,0.9234,0.9231,0.3997,0.1805
50,1,1.0000,2025,2025,NATIONWIDE_TYPE_VENUE,0.7980,0.7500,1.0000,1.0000
50,1,1.0000,2025,2025,NATIONWIDE_TYPE_VENUE,0.8151,0.7875,1.0000,1.0000
50,1,1.0000,2025,2025,NATIONWIDE_TYPE_VENUE,0.7506,0.6908,1.0000,1.0000
50,1,1.0000,2025,2025,NATIONWIDE_TYPE_VENUE,0.7530,0.6944,1.0000,1.0000
23,1,1.0000,2025,2025,NATIONWIDE_TYPE_VENUE,0.8312,0.7295,1.0000,1.0000
37,1,1.0000,2025,2025,NATIONWIDE_TYPE_VENUE,0.7966,0.6992,1.0000,1.0000
50,5,3.4176,2018,2025,SAME_REGION_TYPE,0.9240,0.9231,0.3992,0.0419
22,1,1.0000,2025,2025,NATIONWIDE_TYPE_VENUE,0.8018,0.7159,1.0000,1.0000
50,6,3.3995,2017,2025,SAME_REGION_TYPE,0.9261,0.9231,0.3975,0.0622
21,1,1.0000,2025,2025,NATIONWIDE_TYPE_VENUE,0.8050,0.7500,1.0000,1.0000
39,1,1.0000,2025,2025,NATIONWIDE_TYPE_VENUE,0.8061,0.6817,1.0000,1.0000
50,1,1.0000,2025,2025,NATIONWIDE_TYPE_VENUE,0.7986,0.7568,1.0000,1.0000
50,6,5.1115,2017,2022,SAME_REGION_TYPE,0.9292,0.9231,0.2961,0.2961
50,1,1.0000,2025,2025,NATIONWIDE_TYPE_VENUE,0.8150,0.7875,1.0000,1.0000
50,1,1.0000,2025,2025,NATIONWIDE_TYPE_VENUE,0.8050,0.7402,1.0000,1.0000
50,1,1.0000,2025,2025,NATIONWIDE_TYPE_VENUE,0.8235,0.7875,1.0000,1.0000
50,9,6.4018,2017,2025,SAME_REGION_TYPE,0.9108,0.8025,0.2271,0.1403
50,6,5.0851,2017,2025,SAME_REGION_TYPE,0.9352,0.9231,0.2394,0.0206
50,1,1.0000,2025,2025,NATIONWIDE_TYPE_VENUE,0.8070,0.7500,1.0000,1.0000
50,8,7.2164,2017,2024,SAME_REGION_TYPE,0.9210,0.9063,0.2001,0.1407
50,1,1.0000,2025,2025,NATIONWIDE_TYPE_VENUE,0.8391,0.8250,1.0000,1.0000
37,1,1.0000,2025,2025,NATIONWIDE_TYPE_VENUE,0.8253,0.6944,1.0000,1.0000
38,1,1.0000,2025,2025,NATIONWIDE_TYPE_VENUE,0.8022,0.7083,1.0000,1.0000
50,1,1.0000,2025,2025,NATIONWIDE_TYPE_VENUE,0.8411,0.8250,1.0000,1.0000
30,1,1.0000,2025,2025,NATIONWIDE_TYPE_VENUE,0.8112,0.6895,1.0000,1.0000
50,1,1.0000,2025,2025,NATIONWIDE_TYPE_VENUE,0.7865,0.7375,1.0000,1.0000
50,1,1.0000,2025,2025,NATIONWIDE_TYPE_VENUE,0.7442,0.7011,1.0000,1.0000
37,1,1.0000,2025,2025,NATIONWIDE_TYPE_VENUE,0.8205,0.6895,1.0000,1.0000
50,1,1.0000,2025,2025,NATIONWIDE_TYPE_VENUE,0.8224,0.7750,1.0000,1.0000
41,1,1.0000,2025,2025,NATIONWIDE_TYPE_VENUE,0.8163,0.6868,1.0000,1.0000
50,1,1.0000,2025,2025,NATIONWIDE_TYPE_VENUE,0.8014,0.7375,1.0000,1.0000
50,1,1.0000,2025,2025,NATIONWIDE_TYPE_VENUE,0.8212,0.7750,1.0000,1.0000
41,1,1.0000,2025,2025,NATIONWIDE_TYPE_VENUE,0.7912,0.6947,1.0000,1.0000
50,1,1.0000,2025,2025,NATIONWIDE_TYPE_VENUE,0.7876,0.7313,1.0000,1.0000
50,1,1.0000,2025,2025,NATIONWIDE_TYPE_VENUE,0.8152,0.7875,1.0000,1.0000
29,1,1.0000,2025,2025,NATIONWIDE_TYPE_VENUE,0.8009,0.7036,1.0000,1.0000
50,1,1.0000,2025,2025,NATIONWIDE_TYPE_VENUE,0.7632,0.6992,1.0000,1.0000
50,1,1.0000,2025,2025,NATIONWIDE_TYPE_VENUE,0.8178,0.7750,1.0000,1.0000
50,1,1.0000,2025,2025,NATIONWIDE_TYPE_VENUE,0.7998,0.7500,1.0000,1.0000
50,8,4.3611,2017,2025,SAME_REGION_TYPE,0.9260,0.9231,0.4174,0.0211
50,1,1.0000,2025,2025,NATIONWIDE_TYPE_VENUE,0.8183,0.7750,1.0000,1.0000
50,1,1.0000,2025,2025,NATIONWIDE_TYPE_VENUE,0.8401,0.7950,1.0000,1.0000
50,9,6.3769,2017,2025,SAME_REGION_TYPE,0.9088,0.8000,0.2283,0.1347
50,7,3.9926,2017,2023,SAME_REGION_TYPE,0.9266,0.9231,0.4168,0.0397
50,1,1.0000,2025,2025,NATIONWIDE_TYPE_VENUE,0.8157,0.7875,1.0000,1.0000
28,1,1.0000,2025,2025,NATIONWIDE_TYPE_VENUE,0.7847,0.7050,1.0000,1.0000
50,9,7.4362,2017,2025,SAME_REGION_TYPE,0.9200,0.8906,0.1806,0.0213
50,1,1.0000,2025,2025,NATIONWIDE_TYPE_VENUE,0.8196,0.7875,1.0000,1.0000
50,1,1.0000,2025,2025,NATIONWIDE_TYPE_VENUE,0.8270,0.7950,1.0000,1.0000
50,1,1.0000,2025,2025,NATIONWIDE_TYPE_VENUE,0.8212,0.7500,1.0000,1.0000
50,1,1.0000,2025,2025,NATIONWIDE_TYPE_VENUE,0.8190,0.7950,1.0000,1.0000
41,1,1.0000,2025,2025,NATIONWIDE_TYPE_VENUE,0.8063,0.6908,1.0000,1.0000
28,1,1.0000,2025,2025,NATIONWIDE_TYPE_VENUE,0.7984,0.6930,1.0000,1.0000
22,1,1.0000,2025,2025,NATIONWIDE_TYPE_VENUE,0.7978,0.7159,1.0000,1.0000
50,7,3.9937,2017,2023,SAME_REGION_TYPE,0.9243,0.9231,0.4189,0.1995
28,1,1.0000,2025,2025,NATIONWIDE_TYPE_VENUE,0.7938,0.6990,1.0000,1.0000
38,1,1.0000,2025,2025,NATIONWIDE_TYPE_VENUE,0.7803,0.7250,1.0000,1.0000
50,1,1.0000,2025,2025,NATIONWIDE_TYPE_VENUE,0.8138,0.7650,1.0000,1.0000
50,1,1.0000,2025,2025,NATIONWIDE_TYPE_VENUE,0.8169,0.7875,1.0000,1.0000
50,1,1.0000,2025,2025,NATIONWIDE_TYPE_VENUE,0.8210,0.7875,1.0000,1.0000
23,1,1.0000,2025,2025,NATIONWIDE_TYPE_VENUE,0.8274,0.7159,1.0000,1.0000
38,1,1.0000,2025,2025,NATIONWIDE_TYPE_VENUE,0.7518,0.7023,1.0000,1.0000
38,1,1.0000,2025,2025,NATIONWIDE_TYPE_VENUE,0.8036,0.7083,1.0000,1.0000
24,1,1.0000,2025,2025,SAME_REGION_TYPE_VENUE,0.8913,0.8133,1.0000,1.0000
29,1,1.0000,2025,2025,NATIONWIDE_TYPE_VENUE,0.8085,0.7036,1.0000,1.0000
24,1,1.0000,2025,2025,SAME_REGION_TYPE_VENUE,0.8986,0.8300,1.0000,1.0000
21,1,1.0000,2025,2025,NATIONWIDE_TYPE_VENUE,0.8101,0.7350,1.0000,1.0000
39,1,1.0000,2025,2025,NATIONWIDE_TYPE_VENUE,0.7673,0.6996,1.0000,1.0000
39,1,1.0000,2025,2025,NATIONWIDE_TYPE_VENUE,0.7935,0.6862,1.0000,1.0000
50,7,3.9029,2017,2025,SAME_REGION_TYPE,0.9278,0.9231,0.3787,0.0210
24,1,1.0000,2025,2025,SAME_REGION_TYPE_VENUE,0.8909,0.8100,1.0000,1.0000
50,1,1.0000,2025,2025,NATIONWIDE_TYPE_VENUE,0.8394,0.7875,1.0000,1.0000
50,6,4.7303,2017,2025,SAME_REGION_TYPE,0.9310,0.9231,0.2778,0.0208
28,1,1.0000,2025,2025,NATIONWIDE_TYPE_VENUE,0.7971,0.7200,1.0000,1.0000
28,1,1.0000,2025,2025,NATIONWIDE_TYPE_VENUE,0.8120,0.6990,1.0000,1.0000
22,1,1.0000,2025,2025,NATIONWIDE_TYPE_VENUE,0.8061,0.7295,1.0000,1.0000
50,1,1.0000,2025,2025,NATIONWIDE_TYPE_VENUE,0.8450,0.8250,1.0000,1.0000
50,1,1.0000,2025,2025,NATIONWIDE_TYPE_VENUE,0.8332,0.7875,1.0000,1.0000
28,1,1.0000,2025,2025,NATIONWIDE_TYPE_VENUE,0.8155,0.6930,1.0000,1.0000
50,1,1.0000,2025,2025,NATIONWIDE_TYPE_VENUE,0.8398,0.7950,1.0000,1.0000
50,1,1.0000,2025,2025,NATIONWIDE_TYPE_VENUE,0.8069,0.7500,1.0000,1.0000
50,1,1.0000,2025,2025,NATIONWIDE_TYPE_VENUE,0.8241,0.7750,1.0000,1.0000
50,1,1.0000,2025,2025,NATIONWIDE_TYPE_VENUE,0.8128,0.7500,1.0000,1.0000
50,6,3.1992,2017,2025,SAME_REGION_TYPE,0.9241,0.9231,0.4391,0.0202
50,1,1.0000,2025,2025,NATIONWIDE_TYPE_VENUE,0.8337,0.7750,1.0000,1.0000
50,1,1.0000,2025,2025,NATIONWIDE_TYPE_VENUE,0.8227,0.7875,1.0000,1.0000
23,1,1.0000,2025,2025,NATIONWIDE_TYPE_VENUE,0.8274,0.7159,1.0000,1.0000
50,1,1.0000,2025,2025,NATIONWIDE_TYPE_VENUE,0.8142,0.7650,1.0000,1.0000
37,1,1.0000,2025,2025,NATIONWIDE_TYPE_VENUE,0.8162,0.6895,1.0000,1.0000
50,1,1.0000,2025,2025,NATIONWIDE_TYPE_VENUE,0.8058,0.7650,1.0000,1.0000
50,7,4.1959,2017,2025,SAME_REGION_TYPE,0.9266,0.9231,0.3387,0.0204
30,1,1.0000,2025,2025,NATIONWIDE_TYPE_VENUE,0.8211,0.6895,1.0000,1.0000
50,1,1.0000,2025,2025,NATIONWIDE_TYPE_VENUE,0.8164,0.7750,1.0000,1.0000
50,4,3.1049,2017,2025,SAME_REGION_TYPE,0.9378,0.9375,0.3598,0.0205
50,1,1.0000,2025,2025,NATIONWIDE_TYPE_VENUE,0.8401,0.7875,1.0000,1.0000
30,1,1.0000,2025,2025,NATIONWIDE_TYPE_VENUE,0.8122,0.6944,1.0000,1.0000
50,1,1.0000,2025,2025,NATIONWIDE_TYPE_VENUE,0.8432,0.8250,1.0000,1.0000
50,6,5.0260,2017,2022,SAME_REGION_TYPE,0.9275,0.9231,0.2594,0.1783
39,1,1.0000,2025,2025,NATIONWIDE_TYPE_VENUE,0.8123,0.6817,1.0000,1.0000
50,1,1.0000,2025,2025,NATIONWIDE_TYPE_VENUE,0.8062,0.7750,1.0000,1.0000
31,1,1.0000,2025,2025,NATIONWIDE_TYPE_VENUE,0.8032,0.6826,1.0000,1.0000
24,1,1.0000,2025,2025,SAME_REGION_TYPE_VENUE,0.8423,0.8094,1.0000,1.0000
24,1,1.0000,2025,2025,SAME_REGION_TYPE_VENUE,0.8993,0.8273,1.0000,1.0000
24,1,1.0000,2025,2025,SAME_REGION_TYPE_VENUE,0.8746,0.8200,1.0000,1.0000
50,1,1.0000,2025,2025,NATIONWIDE_TYPE_VENUE,0.8096,0.7750,1.0000,1.0000
23,1,1.0000,2025,2025,NATIONWIDE_TYPE_VENUE,0.7611,0.7200,1.0000,1.0000
50,4,3.1049,2017,2025,SAME_REGION_TYPE,0.9378,0.9375,0.3598,0.0205
41,1,1.0000,2025,2025,NATIONWIDE_TYPE_VENUE,0.8278,0.6868,1.0000,1.0000
50,9,6.2027,2017,2025,SAME_REGION_TYPE,0.8774,0.7647,0.3158,0.3158
50,9,6.1198,2017,2025,SAME_REGION_TYPE,0.8572,0.7647,0.3181,0.3181
38,1,1.0000,2025,2025,NATIONWIDE_TYPE_VENUE,0.7939,0.7167,1.0000,1.0000
50,1,1.0000,2025,2025,NATIONWIDE_TYPE_VENUE,0.7888,0.7350,1.0000,1.0000
28,1,1.0000,2025,2025,NATIONWIDE_TYPE_VENUE,0.7611,0.6895,1.0000,1.0000
50,1,1.0000,2025,2025,NATIONWIDE_TYPE_VENUE,0.8135,0.7750,1.0000,1.0000
50,1,1.0000,2025,2025,NATIONWIDE_TYPE_VENUE,0.7912,0.7200,1.0000,1.0000
31,1,1.0000,2025,2025,NATIONWIDE_TYPE_VENUE,0.8063,0.6852,1.0000,1.0000
50,1,1.0000,2025,2025,NATIONWIDE_TYPE_VENUE,0.8243,0.7650,1.0000,1.0000
50,1,1.0000,2025,2025,NATIONWIDE_TYPE_VENUE,0.8290,0.7875,1.0000,1.0000
24,1,1.0000,2025,2025,SAME_REGION_TYPE_VENUE,0.8878,0.8167,1.0000,1.0000
28,1,1.0000,2025,2025,NATIONWIDE_TYPE_VENUE,0.7744,0.6987,1.0000,1.0000
39,1,1.0000,2025,2025,NATIONWIDE_TYPE_VENUE,0.8076,0.6840,1.0000,1.0000
24,1,1.0000,2025,2025,SAME_REGION_TYPE_VENUE,0.8849,0.8231,1.0000,1.0000
50,1,1.0000,2025,2025,NATIONWIDE_TYPE_VENUE,0.7827,0.7031,1.0000,1.0000
24,1,1.0000,2025,2025,SAME_REGION_TYPE_VENUE,0.8914,0.8267,1.0000,1.0000
24,1,1.0000,2025,2025,SAME_REGION_TYPE_VENUE,0.8638,0.8167,1.0000,1.0000
50,1,1.0000,2025,2025,NATIONWIDE_TYPE_VENUE,0.7677,0.6926,1.0000,1.0000
50,1,1.0000,2025,2025,NATIONWIDE_TYPE_VENUE,0.8231,0.7650,1.0000,1.0000
50,1,1.0000,2025,2025,NATIONWIDE_TYPE_VENUE,0.8338,0.7875,1.0000,1.0000
50,1,1.0000,2025,2025,NATIONWIDE_TYPE_VENUE,0.8552,0.8250,1.0000,1.0000
21,1,1.0000,2025,2025,NATIONWIDE_TYPE_VENUE,0.8151,0.7393,1.0000,1.0000
29,1,1.0000,2025,2025,NATIONWIDE_TYPE_VENUE,0.8139,0.6964,1.0000,1.0000
50,1,1.0000,2025,2025,NATIONWIDE_TYPE_VENUE,0.8374,0.7875,1.0000,1.0000
50,8,6.9751,2017,2024,SAME_REGION_TYPE,0.9226,0.8438,0.2204,0.1603
50,1,1.0000,2025,2025,NATIONWIDE_TYPE_VENUE,0.8053,0.7650,1.0000,1.0000
50,1,1.0000,2025,2025,NATIONWIDE_TYPE_VENUE,0.8609,0.7950,1.0000,1.0000
50,1,1.0000,2025,2025,NATIONWIDE_TYPE_VENUE,0.8246,0.7650,1.0000,1.0000
50,1,1.0000,2025,2025,NATIONWIDE_TYPE_VENUE,0.8373,0.7875,1.0000,1.0000
50,1,1.0000,2025,2025,NATIONWIDE_TYPE_VENUE,0.8513,0.7875,1.0000,1.0000
50,1,1.0000,2025,2025,NATIONWIDE_TYPE_VENUE,0.8413,0.7875,1.0000,1.0000
50,1,1.0000,2025,2025,NATIONWIDE_TYPE_VENUE,0.8575,0.8250,1.0000,1.0000
50,9,5.9190,2017,2025,SAME_REGION_TYPE,0.9229,0.8906,0.2602,0.0208
21,1,1.0000,2025,2025,NATIONWIDE_TYPE_VENUE,0.8038,0.7500,1.0000,1.0000
50,1,1.0000,2025,2025,NATIONWIDE_TYPE_VENUE,0.7849,0.7159,1.0000,1.0000
37,1,1.0000,2025,2025,NATIONWIDE_TYPE_VENUE,0.7945,0.6895,1.0000,1.0000
50,1,1.0000,2025,2025,NATIONWIDE_TYPE_VENUE,0.8094,0.7750,1.0000,1.0000
50,9,5.9870,2017,2025,SAME_REGION_TYPE,0.9217,0.8750,0.2609,0.0209
22,1,1.0000,2025,2025,NATIONWIDE_TYPE_VENUE,0.7821,0.7250,1.0000,1.0000
50,9,6.6000,2017,2025,SAME_REGION_TYPE,0.8990,0.8063,0.2336,0.0178
50,9,6.7612,2017,2025,SAME_REGION_TYPE,0.9019,0.8352,0.2529,0.0175
50,1,1.0000,2025,2025,NATIONWIDE_TYPE_VENUE,0.7892,0.7350,1.0000,1.0000
31,1,1.0000,2025,2025,NATIONWIDE_TYPE_VENUE,0.7454,0.7023,1.0000,1.0000
50,1,1.0000,2025,2025,NATIONWIDE_TYPE_VENUE,0.8072,0.7875,1.0000,1.0000
50,9,6.5454,2017,2025,SAME_REGION_TYPE,0.8940,0.7933,0.2369,0.0319
39,1,1.0000,2025,2025,NATIONWIDE_TYPE_VENUE,0.8102,0.6846,1.0000,1.0000
50,1,1.0000,2025,2025,NATIONWIDE_TYPE_VENUE,0.8124,0.7650,1.0000,1.0000
29,1,1.0000,2025,2025,NATIONWIDE_TYPE_VENUE,0.8117,0.7036,1.0000,1.0000
50,9,7.0114,2017,2025,SAME_REGION_TYPE,0.9248,0.8906,0.2392,0.0211
50,1,1.0000,2025,2025,NATIONWIDE_TYPE_VENUE,0.8139,0.7350,1.0000,1.0000
50,5,4.5917,2017,2021,SAME_REGION_TYPE,0.9361,0.9231,0.2809,0.2809
23,1,1.0000,2025,2025,NATIONWIDE_TYPE_VENUE,0.8028,0.7295,1.0000,1.0000
50,1,1.0000,2025,2025,NATIONWIDE_TYPE_VENUE,0.8231,0.7875,1.0000,1.0000
41,1,1.0000,2025,2025,NATIONWIDE_TYPE_VENUE,0.8149,0.6868,1.0000,1.0000
50,1,1.0000,2025,2025,NATIONWIDE_TYPE_VENUE,0.8102,0.7432,1.0000,1.0000
30,1,1.0000,2025,2025,NATIONWIDE_TYPE_VENUE,0.8096,0.6944,1.0000,1.0000
50,1,1.0000,2025,2025,NATIONWIDE_TYPE_VENUE,0.7911,0.7168,1.0000,1.0000
50,1,1.0000,2025,2025,NATIONWIDE_TYPE_VENUE,0.8098,0.7500,1.0000,1.0000
50,1,1.0000,2025,2025,NATIONWIDE_TYPE_VENUE,0.8037,0.7500,1.0000,1.0000
28,1,1.0000,2025,2025,NATIONWIDE_TYPE_VENUE,0.7880,0.7050,1.0000,1.0000
50,1,1.0000,2025,2025,NATIONWIDE_TYPE_VENUE,0.8099,0.7650,1.0000,1.0000
50,1,1.0000,2025,2025,NATIONWIDE_TYPE_VENUE,0.8146,0.7500,1.0000,1.0000
39,1,1.0000,2025,2025,NATIONWIDE_TYPE_VENUE,0.8035,0.6878,1.0000,1.0000
21,1,1.0000,2025,2025,NATIONWIDE_TYPE_VENUE,0.7481,0.6917,1.0000,1.0000
37,1,1.0000,2025,2025,NATIONWIDE_TYPE_VENUE,0.7826,0.6992,1.0000,1.0000
21,1,1.0000,2025,2025,NATIONWIDE_TYPE_VENUE,0.7492,0.6926,1.0000,1.0000
50,1,1.0000,2025,2025,NATIONWIDE_TYPE_VENUE,0.8465,0.7950,1.0000,1.0000
38,1,1.0000,2025,2025,NATIONWIDE_TYPE_VENUE,0.8026,0.7083,1.0000,1.0000
50,9,6.4784,2017,2025,SAME_REGION_TYPE,0.9269,0.9231,0.2182,0.0210
50,7,3.8820,2017,2023,SAME_REGION_TYPE,0.9231,0.9231,0.4200,0.0200
50,1,1.0000,2025,2025,NATIONWIDE_TYPE_VENUE,0.7964,0.7350,1.0000,1.0000
28,1,1.0000,2025,2025,NATIONWIDE_TYPE_VENUE,0.7971,0.6930,1.0000,1.0000
50,9,6.6312,2017,2025,SAME_REGION_TYPE,0.9013,0.8125,0.2322,0.0179
23,1,1.0000,2025,2025,NATIONWIDE_TYPE_VENUE,0.8108,0.7159,1.0000,1.0000
50,8,6.9751,2017,2024,SAME_REGION_TYPE,0.9226,0.8438,0.2204,0.1603
50,8,5.8485,2017,2024,SAME_REGION_TYPE,0.9217,0.9000,0.2608,0.2608
50,1,1.0000,2025,2025,NATIONWIDE_TYPE_VENUE,0.7863,0.7200,1.0000,1.0000
50,1,1.0000,2025,2025,NATIONWIDE_TYPE_VENUE,0.8277,0.7650,1.0000,1.0000
39,1,1.0000,2025,2025,NATIONWIDE_TYPE_VENUE,0.7337,0.6826,1.0000,1.0000
50,1,1.0000,2025,2025,NATIONWIDE_TYPE_VENUE,0.8524,0.8250,1.0000,1.0000
50,1,1.0000,2025,2025,NATIONWIDE_TYPE_VENUE,0.8207,0.7500,1.0000,1.0000
28,1,1.0000,2025,2025,NATIONWIDE_TYPE_VENUE,0.7712,0.7023,1.0000,1.0000
28,1,1.0000,2025,2025,NATIONWIDE_TYPE_VENUE,0.7753,0.7050,1.0000,1.0000
50,7,3.2840,2018,2024,SAME_REGION_TYPE,0.9050,0.8203,0.5016,0.0418
38,1,1.0000,2025,2025,NATIONWIDE_TYPE_VENUE,0.7934,0.7167,1.0000,1.0000
50,1,1.0000,2025,2025,NATIONWIDE_TYPE_VENUE,0.8229,0.7875,1.0000,1.0000
22,1,1.0000,2025,2025,NATIONWIDE_TYPE_VENUE,0.7900,0.7250,1.0000,1.0000
50,1,1.0000,2025,2025,NATIONWIDE_TYPE_VENUE,0.8546,0.8250,1.0000,1.0000
50,1,1.0000,2025,2025,NATIONWIDE_TYPE_VENUE,0.8097,0.7875,1.0000,1.0000
50,1,1.0000,2025,2025,NATIONWIDE_TYPE_VENUE,0.8108,0.7650,1.0000,1.0000
41,1,1.0000,2025,2025,NATIONWIDE_TYPE_VENUE,0.7910,0.6908,1.0000,1.0000
37,1,1.0000,2025,2025,NATIONWIDE_TYPE_VENUE,0.8198,0.6992,1.0000,1.0000
50,6,2.2510,2017,2022,SAME_REGION_TYPE,0.9249,0.9231,0.6376,0.6376
37,1,1.0000,2025,2025,NATIONWIDE_TYPE_VENUE,0.8348,0.6944,1.0000,1.0000
22,1,1.0000,2025,2025,NATIONWIDE_TYPE_VENUE,0.8023,0.7350,1.0000,1.0000
38,1,1.0000,2025,2025,NATIONWIDE_TYPE_VENUE,0.8026,0.7083,1.0000,1.0000
50,1,1.0000,2025,2025,NATIONWIDE_TYPE_VENUE,0.8170,0.7875,1.0000,1.0000
50,1,1.0000,2025,2025,NATIONWIDE_TYPE_VENUE,0.8003,0.7650,1.0000,1.0000
50,1,1.0000,2025,2025,NATIONWIDE_TYPE_VENUE,0.8107,0.7750,1.0000,1.0000
50,1,1.0000,2025,2025,NATIONWIDE_TYPE_VENUE,0.8553,0.7875,1.0000,1.0000
50,1,1.0000,2025,2025,NATIONWIDE_TYPE_VENUE,0.7551,0.7212,1.0000,1.0000
29,1,1.0000,2025,2025,NATIONWIDE_TYPE_VENUE,0.8016,0.7036,1.0000,1.0000
31,1,1.0000,2025,2025,NATIONWIDE_TYPE_VENUE,0.8047,0.6852,1.0000,1.0000
50,1,1.0000,2025,2025,NATIONWIDE_TYPE_VENUE,0.8236,0.7875,1.0000,1.0000
37,1,1.0000,2025,2025,NATIONWIDE_TYPE_VENUE,0.8283,0.6895,1.0000,1.0000
50,1,1.0000,2025,2025,NATIONWIDE_TYPE_VENUE,0.8103,0.7500,1.0000,1.0000
50,1,1.0000,2025,2025,NATIONWIDE_TYPE_VENUE,0.8158,0.7500,1.0000,1.0000
38,1,1.0000,2025,2025,NATIONWIDE_TYPE_VENUE,0.7268,0.6886,1.0000,1.0000
50,1,1.0000,2025,2025,NATIONWIDE_TYPE_VENUE,0.8028,0.7167,1.0000,1.0000
50,1,1.0000,2025,2025,NATIONWIDE_TYPE_VENUE,0.8033,0.7350,1.0000,1.0000
50,1,1.0000,2025,2025,NATIONWIDE_TYPE_VENUE,0.8524,0.7950,1.0000,1.0000
50,1,1.0000,2025,2025,NATIONWIDE_TYPE_VENUE,0.8341,0.7950,1.0000,1.0000
50,1,1.0000,2025,2025,NATIONWIDE_TYPE_VENUE,0.8672,0.7950,1.0000,1.0000
50,1,1.0000,2025,2025,NATIONWIDE_TYPE_VENUE,0.8268,0.7875,1.0000,1.0000
50,6,3.6657,2017,2023,SAME_REGION_TYPE,0.9231,0.9231,0.4400,0.2000
50,1,1.0000,2025,2025,NATIONWIDE_TYPE_VENUE,0.8175,0.7650,1.0000,1.0000
50,1,1.0000,2025,2025,NATIONWIDE_TYPE_VENUE,0.8198,0.7750,1.0000,1.0000
50,1,1.0000,2025,2025,NATIONWIDE_TYPE_VENUE,0.8221,0.7875,1.0000,1.0000
50,1,1.0000,2025,2025,NATIONWIDE_TYPE_VENUE,0.8134,0.7875,1.0000,1.0000
50,7,3.7942,2017,2023,SAME_REGION_TYPE,0.9252,0.9231,0.4381,0.0597
50,1,1.0000,2025,2025,NATIONWIDE_TYPE_VENUE,0.8127,0.7875,1.0000,1.0000
50,7,5.2395,2017,2023,SAME_REGION_TYPE,0.9281,0.9231,0.2968,0.2375
50,1,1.0000,2025,2025,NATIONWIDE_TYPE_VENUE,0.8155,0.7250,1.0000,1.0000
50,1,1.0000,2025,2025,NATIONWIDE_TYPE_VENUE,0.8201,0.7295,1.0000,1.0000
23,1,1.0000,2025,2025,NATIONWIDE_TYPE_VENUE,0.7571,0.7159,1.0000,1.0000
50,8,3.5347,2018,2025,SAME_REGION_TYPE,0.9230,0.8625,0.4805,0.0196
50,1,1.0000,2025,2025,NATIONWIDE_TYPE_VENUE,0.7900,0.7159,1.0000,1.0000
28,1,1.0000,2025,2025,NATIONWIDE_TYPE_VENUE,0.7463,0.6870,1.0000,1.0000
50,1,1.0000,2025,2025,NATIONWIDE_TYPE_VENUE,0.8184,0.7350,1.0000,1.0000
50,1,1.0000,2025,2025,NATIONWIDE_TYPE_VENUE,0.7809,0.7179,1.0000,1.0000
50,7,4.5109,2019,2025,SAME_REGION_TYPE,0.8767,0.7393,0.3841,0.3841
50,1,1.0000,2025,2025,NATIONWIDE_TYPE_VENUE,0.8123,0.7650,1.0000,1.0000
38,1,1.0000,2025,2025,NATIONWIDE_TYPE_VENUE,0.8083,0.7000,1.0000,1.0000
50,1,1.0000,2025,2025,NATIONWIDE_TYPE_VENUE,0.8113,0.7875,1.0000,1.0000
31,1,1.0000,2025,2025,NATIONWIDE_TYPE_VENUE,0.8150,0.6852,1.0000,1.0000
50,1,1.0000,2025,2025,NATIONWIDE_TYPE_VENUE,0.8125,0.7650,1.0000,1.0000
29,1,1.0000,2025,2025,NATIONWIDE_TYPE_VENUE,0.8128,0.7036,1.0000,1.0000
41,1,1.0000,2025,2025,NATIONWIDE_TYPE_VENUE,0.8023,0.6868,1.0000,1.0000
50,1,1.0000,2025,2025,NATIONWIDE_TYPE_VENUE,0.8313,0.8250,1.0000,1.0000
50,1,1.0000,2025,2025,NATIONWIDE_TYPE_VENUE,0.8142,0.7650,1.0000,1.0000
50,1,1.0000,2025,2025,NATIONWIDE_TYPE_VENUE,0.8281,0.7875,1.0000,1.0000
37,1,1.0000,2025,2025,NATIONWIDE_TYPE_VENUE,0.8019,0.6944,1.0000,1.0000
50,1,1.0000,2025,2025,NATIONWIDE_TYPE_VENUE,0.8254,0.7500,1.0000,1.0000
50,1,1.0000,2025,2025,NATIONWIDE_TYPE_VENUE,0.8119,0.7875,1.0000,1.0000
29,1,1.0000,2025,2025,NATIONWIDE_TYPE_VENUE,0.8162,0.6964,1.0000,1.0000
50,9,6.8212,2017,2025,SAME_REGION_TYPE,0.9192,0.9000,0.2422,0.0420
50,1,1.0000,2025,2025,NATIONWIDE_TYPE_VENUE,0.7877,0.7607,1.0000,1.0000
50,9,7.3505,2017,2025,SAME_REGION_TYPE,0.8909,0.7969,0.2168,0.0336
50,9,6.8140,2017,2025,SAME_REGION_TYPE,0.9192,0.8906,0.2422,0.0420
50,1,1.0000,2025,2025,NATIONWIDE_TYPE_VENUE,0.8096,0.7500,1.0000,1.0000
22,1,1.0000,2025,2025,NATIONWIDE_TYPE_VENUE,0.8058,0.7159,1.0000,1.0000
50,1,1.0000,2025,2025,NATIONWIDE_TYPE_VENUE,0.8126,0.7875,1.0000,1.0000
41,1,1.0000,2025,2025,NATIONWIDE_TYPE_VENUE,0.7910,0.6908,1.0000,1.0000
50,1,1.0000,2025,2025,NATIONWIDE_TYPE_VENUE,0.8168,0.7875,1.0000,1.0000
28,1,1.0000,2025,2025,NATIONWIDE_TYPE_VENUE,0.7943,0.6990,1.0000,1.0000
50,1,1.0000,2025,2025,NATIONWIDE_TYPE_VENUE,0.8275,0.7875,1.0000,1.0000
30,1,1.0000,2025,2025,NATIONWIDE_TYPE_VENUE,0.8066,0.6895,1.0000,1.0000
50,1,1.0000,2025,2025,NATIONWIDE_TYPE_VENUE,0.8296,0.7941,1.0000,1.0000
50,1,1.0000,2025,2025,NATIONWIDE_TYPE_VENUE,0.7920,0.7607,1.0000,1.0000
28,1,1.0000,2025,2025,NATIONWIDE_TYPE_VENUE,0.7985,0.6930,1.0000,1.0000
22,1,1.0000,2025,2025,NATIONWIDE_TYPE_VENUE,0.8091,0.7295,1.0000,1.0000
50,1,1.0000,2025,2025,NATIONWIDE_TYPE_VENUE,0.8073,0.7250,1.0000,1.0000
50,1,1.0000,2025,2025,NATIONWIDE_TYPE_VENUE,0.8171,0.7500,1.0000,1.0000
